{
  "name": "",
  "displayName": "",
  "description": "",
  "author": "",
  "website": "",
  "version": "",
  "issetuprecipe": false,
  "categories": [],
  "tags": [],
  "steps": [
    {
      "name": "content",
      "data": [
        {
          "ContentItemId": "4rbt5nf9rec0x4dds0d762d8n2",
          "ContentItemVersionId": "4m2jnj4t7byg838d0axchm2z42",
          "ContentType": "Article",
          "DisplayText": "Impressum",
          "Latest": true,
          "Published": true,
          "ModifiedUtc": "2025-10-10T00:51:05.7946962Z",
          "PublishedUtc": "2025-10-10T00:51:05.8070298Z",
          "CreatedUtc": "2025-10-09T00:34:20.5367175Z",
          "Owner": "4pz0gh2syezrc0hjfadgdgbcca",
          "Author": "Thorsten",
          "Article": {
            "Subtitle": {
              "Text": null
            },
            "Image": {
              "Anchors": [],
              "Paths": [],
              "MediaTexts": []
            }
          },
          "AutoroutePart": {
            "SetHomepage": false,
            "Disabled": false,
            "RouteContainedItems": false,
            "Absolute": false,
            "Path": "Impressum"
          },
          "HtmlBodyPart": {
            "Html": "\u003Cp style=\u0022box-sizing: inherit; color: rgba(0, 0, 0, 0.87); font-family: Roboto, -apple-system, BlinkMacSystemFont, Helvetica, Arial, sans-serif; font-size: 17.6px\u0022\u003EAngaben gem\u00E4\u00DF \u00A7 5 TMG\u003C/p\u003E\u003Cul style=\u0022box-sizing: inherit; margin-bottom: 1em; margin-top: 1em; padding: 0; margin-left: 0.625em; color: rgba(0, 0, 0, 0.87); font-family: Roboto, -apple-system, BlinkMacSystemFont, Helvetica, Arial, sans-serif; font-size: 17.6px\u0022\u003E\u003Cli style=\u0022box-sizing: inherit; margin-bottom: 0.5em; margin-left: 1.25em\u0022\u003EThorsten Kl\u00F6hn\u003C/li\u003E\u003Cli style=\u0022box-sizing: inherit; margin-bottom: 0.5em; margin-left: 1.25em\u0022\u003EGerhardstra\u00DFe 2\u003C/li\u003E\u003Cli style=\u0022box-sizing: inherit; margin-bottom: 0; margin-left: 1.25em\u0022\u003E22926 Ahrensburg\u003C/li\u003E\u003C/ul\u003E\u003Ch2 style=\u0022box-sizing: inherit; letter-spacing: -0.01em; font-size: 1.5625em; line-height: 1.4; margin: 1.6em 0 0.64em; color: rgba(0, 0, 0, 0.87); font-family: Roboto, -apple-system, BlinkMacSystemFont, Helvetica, Arial, sans-serif\u0022\u003EVertreten durch:\u003C/h2\u003E\u003Cp style=\u0022box-sizing: inherit; color: rgba(0, 0, 0, 0.87); font-family: Roboto, -apple-system, BlinkMacSystemFont, Helvetica, Arial, sans-serif; font-size: 17.6px\u0022\u003EThorsten Kl\u00F6hn\u003C/p\u003E\u003Ch2 style=\u0022box-sizing: inherit; letter-spacing: -0.01em; font-size: 1.5625em; line-height: 1.4; margin: 1.6em 0 0.64em; color: rgba(0, 0, 0, 0.87); font-family: Roboto, -apple-system, BlinkMacSystemFont, Helvetica, Arial, sans-serif\u0022\u003EKontakt:\u003C/h2\u003E\u003Cul style=\u0022box-sizing: inherit; margin-bottom: 1em; margin-top: 1em; padding: 0; margin-left: 0.625em; color: rgba(0, 0, 0, 0.87); font-family: Roboto, -apple-system, BlinkMacSystemFont, Helvetica, Arial, sans-serif; font-size: 17.6px\u0022\u003E\u003Cli style=\u0022box-sizing: inherit; margin-bottom: 0.5em; margin-left: 1.25em\u0022\u003ETelefon: 04102-2 17 40 07\\\u003C/li\u003E\u003Cli style=\u0022box-sizing: inherit; margin-bottom: 0; margin-left: 1.25em\u0022\u003EE-Mail: thorstenkloehn@gmail.com\u003C/li\u003E\u003C/ul\u003E\u003Ch2 style=\u0022box-sizing: inherit; letter-spacing: -0.01em; font-size: 1.5625em; line-height: 1.4; margin: 1.6em 0 0.64em; color: rgba(0, 0, 0, 0.87); font-family: Roboto, -apple-system, BlinkMacSystemFont, Helvetica, Arial, sans-serif\u0022\u003EHaftungsausschluss:\u003C/h2\u003E\u003Ch3 style=\u0022box-sizing: inherit; font-size: 1.25em; letter-spacing: -0.01em; line-height: 1.5; margin: 0.8em 0; color: rgba(0, 0, 0, 0.87); font-family: Roboto, -apple-system, BlinkMacSystemFont, Helvetica, Arial, sans-serif\u0022\u003EHaftung f\u00FCr Inhalte\u003C/h3\u003E\u003Cp style=\u0022box-sizing: inherit; color: rgba(0, 0, 0, 0.87); font-family: Roboto, -apple-system, BlinkMacSystemFont, Helvetica, Arial, sans-serif; font-size: 17.6px\u0022\u003EDie Inhalte unserer Seiten wurden mit gr\u00F6\u00DFter Sorgfalt erstellt. F\u00FCr die Richtigkeit, Vollst\u00E4ndigkeit und Aktualit\u00E4t der Inhalte k\u00F6nnen wir jedoch keine Gew\u00E4hr \u00FCbernehmen. Als Diensteanbieter sind wir gem\u00E4\u00DF \u00A7 7 Abs.1 TMG f\u00FCr eigene Inhalte auf diesen Seiten nach den allgemeinen Gesetzen verantwortlich. Nach \u00A7\u00A7 8 bis 10 TMG sind wir als Diensteanbieter jedoch nicht verpflichtet, \u00FCbermittelte oder gespeicherte fremde Informationen zu \u00FCberwachen oder nach Umst\u00E4nden zu forschen, die auf eine rechtswidrige T\u00E4tigkeit hinweisen. Verpflichtungen zur Entfernung oder Sperrung der Nutzung von Informationen nach den allgemeinen Gesetzen bleiben hiervon unber\u00FChrt. Eine diesbez\u00FCgliche Haftung ist jedoch erst ab dem Zeitpunkt der Kenntnis einer konkreten Rechtsverletzung m\u00F6glich. Bei Bekanntwerden von entsprechenden Rechtsverletzungen werden wir diese Inhalte umgehend entfernen.\u003C/p\u003E\u003Ch3 style=\u0022box-sizing: inherit; font-size: 1.25em; letter-spacing: -0.01em; line-height: 1.5; margin: 1.6em 0 0.8em; color: rgba(0, 0, 0, 0.87); font-family: Roboto, -apple-system, BlinkMacSystemFont, Helvetica, Arial, sans-serif\u0022\u003EHaftung f\u00FCr Links\u003C/h3\u003E\u003Cp style=\u0022box-sizing: inherit; color: rgba(0, 0, 0, 0.87); font-family: Roboto, -apple-system, BlinkMacSystemFont, Helvetica, Arial, sans-serif; font-size: 17.6px\u0022\u003EUnser Angebot enth\u00E4lt Links zu externen Webseiten Dritter, auf deren Inhalte wir keinen Einfluss haben. Deshalb k\u00F6nnen wir f\u00FCr diese fremden Inhalte auch keine Gew\u00E4hr \u00FCbernehmen. F\u00FCr die Inhalte der verlinkten Seiten ist stets der jeweilige Anbieter oder Betreiber der Seiten verantwortlich. Die verlinkten Seiten wurden zum Zeitpunkt der Verlinkung auf m\u00F6gliche Rechtsverst\u00F6\u00DFe \u00FCberpr\u00FCft. Rechtswidrige Inhalte waren zum Zeitpunkt der Verlinkung nicht erkennbar. Eine permanente inhaltliche Kontrolle der verlinkten Seiten ist jedoch ohne konkrete Anhaltspunkte einer Rechtsverletzung nicht zumutbar. Bei Bekanntwerden von Rechtsverletzungen werden wir derartige Links umgehend entfernen.\\\u003C/p\u003E\u003Ch3 style=\u0022box-sizing: inherit; font-size: 1.25em; letter-spacing: -0.01em; line-height: 1.5; margin: 1.6em 0 0.8em; color: rgba(0, 0, 0, 0.87); font-family: Roboto, -apple-system, BlinkMacSystemFont, Helvetica, Arial, sans-serif\u0022\u003EUrheberrecht\u003C/h3\u003E\u003Cp style=\u0022box-sizing: inherit; color: rgba(0, 0, 0, 0.87); font-family: Roboto, -apple-system, BlinkMacSystemFont, Helvetica, Arial, sans-serif; font-size: 17.6px\u0022\u003EDieses Werk ist lizenziert unter einer\u0026nbsp;\u003Ca href=\u0022http://creativecommons.org/licenses/by/4.0/\u0022 style=\u0022box-sizing: inherit; color: rgba(64, 81, 181, 1); transition: color 125ms\u0022\u003ECreative Commons Namensnennung 4.0 International Lizenz\u003C/a\u003E.Soweit die Inhalte auf dieser Seite nicht vom Betreiber erstellt wurden, werden die Urheberrechte Dritter beachtet. Insbesondere werden Inhalte Dritter als solche gekennzeichnet. Sollten Sie trotzdem auf eine Urheberrechtsverletzung aufmerksam werden, bitten wir um einen entsprechenden Hinweis. Bei Bekanntwerden von Rechtsverletzungen werden wir derartige Inhalte umgehend entfernen.\u003C/p\u003E\u003Ch3 style=\u0022box-sizing: inherit; font-size: 1.25em; letter-spacing: -0.01em; line-height: 1.5; margin: 1.6em 0 0.8em; color: rgba(0, 0, 0, 0.87); font-family: Roboto, -apple-system, BlinkMacSystemFont, Helvetica, Arial, sans-serif\u0022\u003EDatenschutz\u003C/h3\u003E\u003Cp style=\u0022box-sizing: inherit; color: rgba(0, 0, 0, 0.87); font-family: Roboto, -apple-system, BlinkMacSystemFont, Helvetica, Arial, sans-serif; font-size: 17.6px\u0022\u003EDie Nutzung unserer Webseite ist in der Regel ohne Angabe personenbezogener Daten m\u00F6glich. Soweit auf unseren Seiten personenbezogene Daten (beispielsweise Name, Anschrift oder eMail-Adressen) erhoben werden, erfolgt dies, soweit m\u00F6glich, stets auf freiwilliger Basis. Diese Daten werden ohne Ihre ausdr\u00FCckliche Zustimmung nicht an Dritte weitergegeben. \\ Wir weisen darauf hin, dass die Daten\u00FCbertragung im Internet (z.B. bei der Kommunikation per E-Mail) Sicherheitsl\u00FCcken aufweisen kann. Ein l\u00FCckenloser Schutz der Daten vor dem Zugriff durch Dritte ist nicht m\u00F6glich. Der Nutzung von im Rahmen der Impressumspflicht ver\u00F6ffentlichten Kontaktdaten durch Dritte zur \u00DCbersendung von nicht ausdr\u00FCcklich angeforderter Werbung und Informationsmaterialien wird hiermit ausdr\u00FCcklich widersprochen. Die Betreiber der Seiten behalten sich ausdr\u00FCcklich rechtliche Schritte im Falle der unverlangten Zusendung von Werbeinformationen, etwa durch Spam-Mails, vor.\\\u003C/p\u003E\u003Cp style=\u0022box-sizing: inherit; margin-bottom: 0; color: rgba(0, 0, 0, 0.87); font-family: Roboto, -apple-system, BlinkMacSystemFont, Helvetica, Arial, sans-serif; font-size: 17.6px\u0022\u003EImpressum vom\u0026nbsp;\u003Ca href=\u0022https://www.impressum-generator.de/\u0022 style=\u0022box-sizing: inherit; color: rgba(64, 81, 181, 1); transition: color 125ms\u0022\u003EImpressum Generator\u003C/a\u003E\u0026nbsp;der [Kanzlei Hasselbach, Rechtsanw\u00E4lte f\u00FCr Arbeitsrecht und Familienrecht](https://www.kanzlei-hasselbach\u003C/p\u003E"
          },
          "TitlePart": {
            "Title": "Impressum"
          },
          "MarkdownBodyPart": {
            "Markdown": "Angaben gem\u00E4\u00DF \u00A7 5 TMG\r\n\r\n* Thorsten Kl\u00F6hn\r\n* Gerhardstra\u00DFe 2\r\n* 22926 Ahrensburg\r\n\r\n\r\n## Vertreten durch:\r\nThorsten Kl\u00F6hn\r\n\r\n\r\n## Kontakt:\r\n* Telefon: 04102-2 17 40 07\\\r\n* E-Mail: thorstenkloehn@gmail.com\r\n\r\n\r\n## Haftungsausschluss:\r\n\r\n### Haftung f\u00FCr Inhalte\r\n\r\nDie Inhalte unserer Seiten wurden mit gr\u00F6\u00DFter Sorgfalt erstellt. F\u00FCr die\r\nRichtigkeit, Vollst\u00E4ndigkeit und Aktualit\u00E4t der Inhalte k\u00F6nnen wir\r\njedoch keine Gew\u00E4hr \u00FCbernehmen. Als Diensteanbieter sind wir gem\u00E4\u00DF \u00A7 7\r\nAbs.1 TMG f\u00FCr eigene Inhalte auf diesen Seiten nach den allgemeinen\r\nGesetzen verantwortlich. Nach \u00A7\u00A7 8 bis 10 TMG sind wir als\r\nDiensteanbieter jedoch nicht verpflichtet, \u00FCbermittelte oder\r\ngespeicherte fremde Informationen zu \u00FCberwachen oder nach Umst\u00E4nden zu\r\nforschen, die auf eine rechtswidrige T\u00E4tigkeit hinweisen.\r\nVerpflichtungen zur Entfernung oder Sperrung der Nutzung von\r\nInformationen nach den allgemeinen Gesetzen bleiben hiervon unber\u00FChrt.\r\nEine diesbez\u00FCgliche Haftung ist jedoch erst ab dem Zeitpunkt der\r\nKenntnis einer konkreten Rechtsverletzung m\u00F6glich. Bei Bekanntwerden von\r\nentsprechenden Rechtsverletzungen werden wir diese Inhalte umgehend\r\nentfernen.\r\n### Haftung f\u00FCr Links\r\nUnser Angebot enth\u00E4lt Links zu externen Webseiten Dritter, auf deren\r\nInhalte wir keinen Einfluss haben. Deshalb k\u00F6nnen wir f\u00FCr diese fremden\r\nInhalte auch keine Gew\u00E4hr \u00FCbernehmen. F\u00FCr die Inhalte der verlinkten\r\nSeiten ist stets der jeweilige Anbieter oder Betreiber der Seiten\r\nverantwortlich. Die verlinkten Seiten wurden zum Zeitpunkt der\r\nVerlinkung auf m\u00F6gliche Rechtsverst\u00F6\u00DFe \u00FCberpr\u00FCft. Rechtswidrige Inhalte\r\nwaren zum Zeitpunkt der Verlinkung nicht erkennbar. Eine permanente\r\ninhaltliche Kontrolle der verlinkten Seiten ist jedoch ohne konkrete\r\nAnhaltspunkte einer Rechtsverletzung nicht zumutbar. Bei Bekanntwerden\r\nvon Rechtsverletzungen werden wir derartige Links umgehend entfernen.\\\r\n### Urheberrecht\r\nDieses Werk ist lizenziert unter einer [Creative Commons Namensnennung\r\n4.0 International\r\nLizenz](http://creativecommons.org/licenses/by/4.0/).Soweit die Inhalte\r\nauf dieser Seite nicht vom Betreiber erstellt wurden, werden die\r\nUrheberrechte Dritter beachtet. Insbesondere werden Inhalte Dritter als\r\nsolche gekennzeichnet. Sollten Sie trotzdem auf eine\r\nUrheberrechtsverletzung aufmerksam werden, bitten wir um einen\r\nentsprechenden Hinweis. Bei Bekanntwerden von Rechtsverletzungen werden\r\nwir derartige Inhalte umgehend entfernen.\r\n### Datenschutz\r\nDie Nutzung unserer Webseite ist in der Regel ohne Angabe\r\npersonenbezogener Daten m\u00F6glich. Soweit auf unseren Seiten\r\npersonenbezogene Daten (beispielsweise Name, Anschrift oder\r\neMail-Adressen) erhoben werden, erfolgt dies, soweit m\u00F6glich, stets auf\r\nfreiwilliger Basis. Diese Daten werden ohne Ihre ausdr\u00FCckliche\r\nZustimmung nicht an Dritte weitergegeben. \\\r\nWir weisen darauf hin, dass die Daten\u00FCbertragung im Internet (z.B. bei\r\nder Kommunikation per E-Mail) Sicherheitsl\u00FCcken aufweisen kann. Ein\r\nl\u00FCckenloser Schutz der Daten vor dem Zugriff durch Dritte ist nicht\r\nm\u00F6glich.\r\nDer Nutzung von im Rahmen der Impressumspflicht ver\u00F6ffentlichten\r\nKontaktdaten durch Dritte zur \u00DCbersendung von nicht ausdr\u00FCcklich\r\nangeforderter Werbung und Informationsmaterialien wird hiermit\r\nausdr\u00FCcklich widersprochen. Die Betreiber der Seiten behalten sich\r\nausdr\u00FCcklich rechtliche Schritte im Falle der unverlangten Zusendung von\r\nWerbeinformationen, etwa durch Spam-Mails, vor.\\\r\n\r\n\r\nImpressum vom [Impressum Generator](https://www.impressum-generator.de)\r\nder [Kanzlei Hasselbach, Rechtsanw\u00E4lte f\u00FCr Arbeitsrecht und\r\nFamilienrecht](https://www.kanzlei-hasselbach"
          }
        },
        {
          "ContentItemId": "4hc8hnbdjt6akynns7vsmzp5c9",
          "ContentItemVersionId": "4ssshd1avkbx0rkbfxry8dg7nb",
          "ContentType": "Article",
          "DisplayText": "Datenschutz",
          "Latest": true,
          "Published": true,
          "ModifiedUtc": "2025-10-10T00:57:25.5919884Z",
          "PublishedUtc": "2025-10-10T00:57:25.5956844Z",
          "CreatedUtc": "2025-10-10T00:57:25.5919884Z",
          "Owner": "4pz0gh2syezrc0hjfadgdgbcca",
          "Author": "Thorsten",
          "Article": {
            "Subtitle": {
              "Text": null
            }
          },
          "AutoroutePart": {
            "SetHomepage": false,
            "Disabled": false,
            "RouteContainedItems": false,
            "Absolute": false,
            "Path": "/Datenschutz"
          },
          "TitlePart": {
            "Title": "Datenschutz"
          },
          "MarkdownBodyPart": {
            "Markdown": "Verantwortliche Stelle im Sinne der Datenschutzgesetze, insbesondere der\r\nEU-Datenschutzgrundverordnung (DSGVO), ist:\r\n\r\n- Thorsten Kl\u00F6hn \r\n- Gerhardstra\u00DFe 2 \r\n- 22926 Ahrensburg \r\n-  Telefon: 04102-2 17 40 07 \r\n- e-Mail: thorstenkloehn@gmail.com\r\n\r\n##  Ihre Betroffenenrechte\r\n\r\nUnter den angegebenen Kontaktdaten unseres Datenschutzbeauftragten\r\nk\u00F6nnen Sie jederzeit folgende Rechte aus\u00FCben:\r\n\r\n-   Auskunft \u00FCber Ihre bei uns gespeicherten Daten und deren\r\n    Verarbeitung (Art. 15 DSGVO),\r\n-   Berichtigung unrichtiger personenbezogener Daten (Art. 16 DSGVO),\r\n-   L\u00F6schung Ihrer bei uns gespeicherten Daten (Art. 17 DSGVO),\r\n-   Einschr\u00E4nkung der Datenverarbeitung, sofern wir Ihre Daten aufgrund\r\n    gesetzlicher Pflichten noch nicht l\u00F6schen d\u00FCrfen (Art. 18 DSGVO),\r\n-   Widerspruch gegen die Verarbeitung Ihrer Daten bei uns (Art. 21\r\n    DSGVO) und\r\n-   Daten\u00FCbertragbarkeit, sofern Sie in die Datenverarbeitung\r\n    eingewilligt haben oder einen Vertrag mit uns abgeschlossen haben\r\n    (Art. 20 DSGVO).\r\n\r\nSofern Sie uns eine Einwilligung erteilt haben, k\u00F6nnen Sie diese\r\njederzeit mit Wirkung f\u00FCr die Zukunft widerrufen.\r\n\r\nSie k\u00F6nnen sich jederzeit mit einer Beschwerde an eine Aufsichtsbeh\u00F6rde\r\nwenden, z. B. an die zust\u00E4ndige Aufsichtsbeh\u00F6rde des Bundeslands Ihres\r\nWohnsitzes oder an die f\u00FCr uns als verantwortliche Stelle zust\u00E4ndige\r\nBeh\u00F6rde.\r\n\r\nEine Liste der Aufsichtsbeh\u00F6rden (f\u00FCr den nicht\u00F6ffentlichen Bereich) mit\r\nAnschrift finden Sie unter:\r\n.\r\n\r\n## Eingebettete YouTube-Videos\r\n\r\n\r\n### Art und Zweck der Verarbeitung:\r\n\r\nAuf einigen unserer Webseiten betten wir YouTube-Videos ein. Betreiber\r\nder entsprechenden Plugins ist die YouTube, LLC, 901 Cherry Ave., San\r\nBruno, CA 94066, USA (nachfolgend \u201EYouTube\u201C). Wenn Sie eine Seite mit\r\ndem YouTube-Plugin besuchen, wird eine Verbindung zu Servern von YouTube\r\nhergestellt. Dabei wird YouTube mitgeteilt, welche Seiten Sie besuchen.\r\nWenn Sie in Ihrem YouTube-Account eingeloggt sind, kann YouTube Ihr\r\nSurfverhalten Ihnen pers\u00F6nlich zuzuordnen. Dies verhindern Sie, indem\r\nSie sich vorher aus Ihrem YouTube-Account ausloggen.\r\n\r\nWird ein YouTube-Video gestartet, setzt der Anbieter Cookies ein, die\r\nHinweise \u00FCber das Nutzerverhalten sammeln.\r\n\r\nWeitere Informationen zu Zweck und Umfang der Datenerhebung und ihrer\r\nVerarbeitung durch YouTube erhalten Sie in den Datenschutzerkl\u00E4rungen\r\ndes Anbieters, Dort erhalten Sie auch weitere Informationen zu Ihren\r\ndiesbez\u00FCglichen Rechten und Einstellungsm\u00F6glichkeiten zum Schutze Ihrer\r\nPrivatsph\u00E4re (). Google verarbeitet\r\nIhre Daten in den USA und hat sich dem EU-US Privacy Shield unterworfen\r\nhttps://www.privacyshield.gov/EU-US-Framework\r\n\r\n### Rechtsgrundlage:\r\n\r\nRechtsgrundlage f\u00FCr die Einbindung von YouTube und dem damit verbundenen\r\nDatentransfer zu Google ist Ihre Einwilligung (Art. 6 Abs. 1 lit. a\r\nDSGVO).\r\n\r\n### Empf\u00E4nger:\r\n\r\nDer Aufruf von YouTube l\u00F6st automatisch eine Verbindung zu Google aus.\r\n\r\n### Speicherdauer und Widerruf der Einwilligung:\r\n\r\nWer das Speichern von Cookies f\u00FCr das Google-Ad-Programm deaktiviert\r\nhat, wird auch beim Anschauen von YouTube-Videos mit keinen solchen\r\nCookies rechnen m\u00FCssen. YouTube legt aber auch in anderen Cookies\r\nnicht-personenbezogene Nutzungsinformationen ab. M\u00F6chten Sie dies\r\nverhindern, so m\u00FCssen Sie das Speichern von Cookies im Browser\r\nblockieren.\r\n\r\nWeitere Informationen zum Datenschutz bei \u201EYouTube\u201C finden Sie in der\r\nDatenschutzerkl\u00E4rung des Anbieters unter:\r\n\r\n\r\n### Drittlandtransfer:\r\n\r\nGoogle verarbeitet Ihre Daten in den USA und hat sich dem EU\\_US Privacy\r\nShield unterworfen .\r\n\r\n### Bereitstellung vorgeschrieben oder erforderlich:\r\n\r\nDie Bereitstellung Ihrer personenbezogenen Daten erfolgt freiwillig,\r\nallein auf Basis Ihrer Einwilligung. Sofern Sie den Zugriff unterbinden,\r\nkann es hierdurch zu Funktionseinschr\u00E4nkungen auf der Website kommen.\r\n\r\n## \u00C4nderung unserer Datenschutzbestimmungen\r\n\r\n\r\nWir behalten uns vor, diese Datenschutzerkl\u00E4rung anzupassen, damit sie\r\nstets den aktuellen rechtlichen Anforderungen entspricht oder um\r\n\u00C4nderungen unserer Leistungen in der Datenschutzerkl\u00E4rung umzusetzen,\r\nz.B. bei der Einf\u00FChrung neuer Services. F\u00FCr Ihren erneuten Besuch gilt\r\ndann die neue Datenschutzerkl\u00E4rung.\r\n\r\n## Fragen an den Datenschutzbeauftragten\r\n\r\nWenn Sie Fragen zum Datenschutz haben, schreiben Sie uns bitte eine\r\nE-Mail oder wenden Sie sich direkt an die f\u00FCr den Datenschutz\r\nverantwortliche Person in unserer Organisation:\r\n\r\n*Die Datenschutzerkl\u00E4rung wurde mit dem*\r\n[*Datenschutzerkl\u00E4rungs-Generator der activeMind AG\r\nerstellt*](https://www.activemind.de/datenschutz/datenschutzhinweis-generator/)\r\n*(Version 2018-09-24).c"
          }
        },
        {
          "ContentItemId": "4jzv4vsg22e44vp980sc0k1xdy",
          "ContentItemVersionId": "4a0a67r9hnw182zs3bkcc4nydd",
          "ContentType": "Blog",
          "DisplayText": "Nachrichten",
          "Latest": true,
          "Published": true,
          "ModifiedUtc": "2025-10-10T01:06:42.9775917Z",
          "PublishedUtc": "2025-10-10T01:06:43.0153409Z",
          "CreatedUtc": "2025-10-10T00:40:44.5734228Z",
          "Owner": "4pz0gh2syezrc0hjfadgdgbcca",
          "Author": "Thorsten",
          "TitlePart": {
            "Title": "Nachrichten"
          },
          "AutoroutePart": {
            "SetHomepage": false,
            "Disabled": false,
            "RouteContainedItems": false,
            "Absolute": false,
            "Path": "/Nachrichten"
          },
          "Blog": {
            "Image": {
              "Anchors": [],
              "Paths": [],
              "MediaTexts": []
            }
          },
          "HtmlBodyPart": {
            "Html": ""
          },
          "ListPart": {
            "DisableRssFeed": false,
            "FeedProxyUrl": null,
            "FeedItemsCount": 20
          }
        },
        {
          "ContentItemId": "4nphg06fmdqv7semx4fdywk2ms",
          "ContentItemVersionId": "45exqev066j4f20t8k8v7qas4k",
          "ContentType": "Article",
          "DisplayText": "Willkommen auf meine Seite",
          "Latest": true,
          "Published": true,
          "ModifiedUtc": "2025-10-07T23:41:54.7520933Z",
          "PublishedUtc": "2025-10-07T23:41:54.7600395Z",
          "CreatedUtc": "2025-10-07T23:40:05.761043Z",
          "Owner": "4pz0gh2syezrc0hjfadgdgbcca",
          "Author": "Thorsten",
          "Article": {
            "Subtitle": {
              "Text": null
            },
            "Image": {
              "Anchors": [],
              "Paths": [],
              "MediaTexts": []
            }
          },
          "AutoroutePart": {
            "SetHomepage": false,
            "Disabled": false,
            "RouteContainedItems": false,
            "Absolute": false,
            "Path": "willkommen-auf-meine-seite"
          },
          "HtmlBodyPart": {
            "Html": "\u003Cp\u003EHallo Leute Das\u0026nbsp; Website\u003C/p\u003E"
          },
          "TitlePart": {
            "Title": "Willkommen auf meine Seite"
          },
          "MarkdownBodyPart": {}
        }
      ]
    }
  ]
}